p,q,m=p*q

15451,5903,91207253

17159,9677,166047643

25153,13309,334761277

18481,18287,337962047

29851,19267,575139217

26687,23321,622367527

32203,21191,682413773

28429,25339,720362431

39827,19913,793075051

35069,29633,1039199677

37561,32213,1209952493

41719,40507,1689911533

47791,41257,1971713287

48157,42727,2057604139

73783,46919,3461824577

105277,40693,4284036961

67883,66889,4540625987

97829,75209,7357621261

189947,72073,13690050131

202031,70901,14324199931

148667,97151,14443147717

152531,98041,14954291771

154823,120721,18690387383

195161,116089,22656045329

229897,158329,36399362113

265711,141439,37581898129

264113,209039,55209917407

268003,218069,58443146207

274423,244603,67124689069

401321,223747,89794369787

408623,278063,113622937249

377981,305479,115465257899

747401,295751,221044593151

505117,477341,241113053897

632029,627901,396851641129

768073,546671,419883234983

860393,773117,665184454981

1178033,691343,814424868319

1077893,777031,837556275683

1342423,637771,856158459133

